layer,code,seq,name,removed_from_gmaps,lat,lon,source_url,description
mosque,北海01,003,室蘭モスク,False,42.3765086,141.0350487,https://www.google.com/maps?cid=11332280779883093832,GMap情報：https://www.google.com/maps?cid=11332280779883093832
mosque,北海02,004,マスジド・アル・ヌール小樽,False,43.2040902,140.9971417,http://islam.co.jp/sp/masjid/hokkaido/otaru/,http://islam.co.jp/sp/masjid/hokkaido/otaru/<br>https://www.instagram.com/explore/locations/1026079612/masjid-al-noor-otaru<br>https://www.facebook.com/halalfoodinjapan/posts/masjid-al-noor-otaru-in-hokkaido-japan-officially-registered-as-an-islamic-relig/2782522665352112<br>http://www.asahi.com/area/hokkaido/articles/MTW20180416011580001.html<br>公式ドメイン期限切れのため不明 2018年朝日新聞の記事より
mosque,北海03,005,★ヌサンタラ文化センター Masjid Asahikawa,True,43.7698943,142.3523972,https://www.instagram.com/masjidnusantaraasahikawa,北海道旭川市3条通2丁目1011-1<br>googleマップ3月に登録削除した模様。<br>インスタ：https://www.instagram.com/masjidnusantaraasahikawa
mosque,北海04,007,札幌マスジド,False,43.077486,141.3476462,https://www.google.com/maps?cid=5650665989971537749,GMap：https://www.google.com/maps?cid=5650665989971537749<br>宗教法人 北海道イスラミックソサエティ<br>公式HP：https://sapporomasjid.or.jp/<br>インスタ：https://www.instagram.com/sapporomasjid.official/<br>Facebook：https://www.facebook.com/sapporomasjid<br>Wiki https://en.wikipedia.org/wiki/Sapporo_Masjid
mosque,北海05,008,★Asahikawa Masjid (旭川マスジド),True,43.7823851,142.3397141,https://www.google.com/maps?cid=12482844503860688084,3月中にgoogleマップから登録削除した模様<br>GMap：https://www.google.com/maps?cid=12482844503860688084<br>公式HP：https://asahikawamasjid.com/<br>HP リンク切れ 北洋銀行口座ドネーション
mosque,北海06,282,江別マスジド,False,43.1266655,141.495699,https://mymaps.usercontent.google.com/hostedimage/m/*/3AE5a_Gy6OBSOt10ySaOkaDzYg4tBhjkpNDgZRilUAijhPi4XUeeRVmUmobbrNG9j6lozk_Epn41nRluYKT0Q26bnFZinTq93uvpGSdP5h4FezOJB3cxG1MLeg5SRGk5llRPdw57VHWrszgEOD7Rxr1yTj-l6KtMTZx6hLfZ1Gx0wDvdtp90KWFQl9DcQbcTpqc6sVNYP_sZKMERPdHZaMT-6yYVIGN49wEDN_WPVVifr7IyuClCeamMeYBsdGCM?fife=s16383,"<img src=""https://mymaps.usercontent.google.com/hostedimage/m/*/3AE5a_Gy6OBSOt10ySaOkaDzYg4tBhjkpNDgZRilUAijhPi4XUeeRVmUmobbrNG9j6lozk_Epn41nRluYKT0Q26bnFZinTq93uvpGSdP5h4FezOJB3cxG1MLeg5SRGk5llRPdw57VHWrszgEOD7Rxr1yTj-l6KtMTZx6hLfZ1Gx0wDvdtp90KWFQl9DcQbcTpqc6sVNYP_sZKMERPdHZaMT-6yYVIGN49wEDN_WPVVifr7IyuClCeamMeYBsdGCM?fife=s16383"" height=""200"" width=""auto"" /><br>北海道江別市角山１７８−３<br>2026年3月時点で登録はなかったが、6月で登録されていたので登録。"
mosque,北海07,283,Masjid Nusantara Mombetsu,False,44.34118,143.3526882,https://mymaps.usercontent.google.com/hostedimage/m/*/3AE5a_GzGPsMwvDzMNckMwOZQtAghcGuzP0omZPf4mS2xQ-CaLvE2LVldJzVeUGNevZnN5XpMz5jKUG8KUUHRzOXoum_aIGYHky1sJ_6Y9Jff5n-TZ-_iRW3wb6spO7C3vz6cg1j85ZpgMM9NzZxupFjzXUg8EJdVpb9UPUgGICSbQBsEI3cZlMQp1ksJF-6eCJSZHs2eku3zxdzvWL3v7jt1K_zuEKC8nqxtTYbF9Rjd0T3-3REG1hvnq8BJ-t4?fife=s16383,"<img src=""https://mymaps.usercontent.google.com/hostedimage/m/*/3AE5a_GzGPsMwvDzMNckMwOZQtAghcGuzP0omZPf4mS2xQ-CaLvE2LVldJzVeUGNevZnN5XpMz5jKUG8KUUHRzOXoum_aIGYHky1sJ_6Y9Jff5n-TZ-_iRW3wb6spO7C3vz6cg1j85ZpgMM9NzZxupFjzXUg8EJdVpb9UPUgGICSbQBsEI3cZlMQp1ksJF-6eCJSZHs2eku3zxdzvWL3v7jt1K_zuEKC8nqxtTYbF9Rjd0T3-3REG1hvnq8BJ-t4?fife=s16383"" height=""200"" width=""auto"" /><br>北海道紋別市南が丘町３丁目６−６"
mosque,青森01,006,Madina Mosque মদিনা মসজিদ マディーナモスク,False,40.6396938,141.2999178,,
mosque,岩手01,002,Morioka Mosque,False,39.717609,141.1268061,,
mosque,岩手02,015,TAWHEED MOSQUE KITAKAMI‎‎‎,False,39.270682,141.1174019,,مسجد التوحيد _كيتاكامي• TAWHEED MOSQUE KITAKAMI‎‎‎‎‎‎
mosque,宮城01,009,Shiroishi Mosque,False,38.042287,140.670783,,
mosque,宮城02,010,石巻モスク Ishinomaki Mosque,False,38.4138168,141.360862,,
mosque,宮城03,011,Mosque,False,38.3876858,140.9851666,,
mosque,宮城04,012,Kurihara Masjid,False,38.6690247,141.0100445,,
mosque,宮城05,013,Ohira mosque,False,38.4925167,140.8626943,,
mosque,宮城06,014,Sendai Central Prayer Room,False,38.2527825,140.8783467,,
mosque,宮城07,016,仙台イスラム文化センター Ｉ．Ｃ．Ｃ．Ｓ,False,38.2678262,140.8272883,,
mosque,山形01,020,(Masjid Omar Amarume)マスジド オマル 余目,False,38.8497569,139.9065844,,
mosque,山形02,023,YAMAGATA MUSALLA,False,38.4162899,140.3100072,,
mosque,福島01,228,Al Rehman Shirakawa Masjid,False,37.1346713,140.2039172,,
mosque,福島02,018,Koriyama Masjid,False,37.4405409,140.3793838,,
mosque,福島03,022,グローバル トレーディング,False,37.8124782,140.4754487,,
mosque,福島04,024,"Muhammadi Masjid (Mosque), Iwaki",False,36.9392114,140.8559184,,
mosque,茨城01,222,Masjid Abu Bakar Alsiddique,False,36.3326758,140.4711016,,
mosque,茨城02,227,Masjid Kandatsu,False,36.1167592,140.2455145,https://www.tiktok.com/@masjid_kandatsu.j/video/7617099396173270290,Tiktok https://www.tiktok.com/@masjid_kandatsu.j/video/7617099396173270290
mosque,茨城03,231,マスジッドアルゴンラーマン,False,36.5720238,140.6484683,https://www.facebook.com/hitachi.masjid/?locale=ja_JP,日本イスラム文化センター 日立マスジド<br>Googleマップ登録なし<br>茨城県日立市東成沢町3-13-10<br>https://www.facebook.com/hitachi.masjid/?locale=ja_JP<br>https://halalmedia.jp/ja/masjid/masjid-ar-rahmanhitachi-mosque/<br>より
mosque,茨城04,033,Yahagi Masjid,False,35.9938459,139.9025255,,
mosque,茨城05,034,マーカズ ムハンマド アライ ムハンマド ジャパン （シーア派モスク）,False,36.132815,139.9182963,,
mosque,茨城06,035,ISHIGE MASJID JAPAN,False,36.120663,139.9729473,,
mosque,茨城07,036,Masjid Madina,False,36.2411209,140.3072799,,
mosque,茨城08,038,"Anwar-e Madinah Masjid(ishioka,omitama)",False,36.2249666,140.3311124,,
mosque,茨城09,039,Masjid Umar Bin Khattab,False,36.1449245,139.8427237,,
mosque,茨城10,040,MASJID NUR ALAM JOSO,False,36.1066414,139.9707899,,
mosque,茨城11,041,Al Mustafa Masjid,False,36.0734369,139.8581231,,
mosque,茨城12,025,Masjid 125,False,36.1877814,140.0068216,,
mosque,茨城13,026,Sakai Machi Jame Masjid,False,36.1189589,139.7893174,https://sakaimachijamemasjid.com/,2026.3<br>googleマップ登録削除<br>茨城県猿島郡境町長井戸1731-2<br>HP:https://sakaimachijamemasjid.com/
mosque,茨城14,027,Masjid NU At Taqwa koga,False,36.1579592,139.8106227,,
mosque,茨城15,028,ビラールモスク,False,36.2967131,139.8870844,,
mosque,茨城16,029,"Islamic Center, Tajweed ul quran, Japan.",False,36.2058047,139.7865956,https://www.facebook.com/p/Islamic-center-tajweed-ul-quran-japan-100069199744160/,茨城県古河市上大野2018<br>https://www.facebook.com/p/Islamic-center-tajweed-ul-quran-japan-100069199744160/
mosque,茨城17,030,Jamiya masjid minhaj ul quran sakai japan,False,36.0848685,139.8293794,,
mosque,茨城18,031,Iwai Bando Masjid Complex,False,36.0420088,139.891192,,
mosque,茨城19,032,Masjid al-Hussain,False,36.1624399,139.9056963,,
mosque,茨城20,017,Baitul Mukarram Mosque,False,36.3820646,140.4902913,,
mosque,茨城21,019,Baitun Nur Masjid Inashiki,False,35.965206,140.319381,,
mosque,茨城22,021,つくばモスク,False,36.111544,140.0761493,,
mosque,茨城23,263,Pesantren NU At-Taqwa,False,36.2116925,139.8178053,,
mosque,茨城24,269,アフルルバイトセンターとフセイニヤ,False,36.0736057,139.8355927,https://mymaps.usercontent.google.com/hostedimage/m/*/3AE5a_GxLW1k3clwePMqeA2x2Uwkovdx07JZSWBnFVsRdYOQ_9N4wII3zZ24A2drcCoonrSeV2Ys7Kgp4NmJ_CVhHnQBdSnIJU6zwiKOK1nht2UASUtodkXii957n_htqEH3tWj5mXz6fgnwYMrgy-bLX3JMxWb_kpFUkfFAGL3C-ewRn_802ksM3NBzZ1xtxVU8PBeimG5oDyq1yRhHKXUeng1KO8Qvc33vZMI7wN2hWI9kayqup2-N0MEneDtU?fife=s16383,"<img src=""https://mymaps.usercontent.google.com/hostedimage/m/*/3AE5a_GxLW1k3clwePMqeA2x2Uwkovdx07JZSWBnFVsRdYOQ_9N4wII3zZ24A2drcCoonrSeV2Ys7Kgp4NmJ_CVhHnQBdSnIJU6zwiKOK1nht2UASUtodkXii957n_htqEH3tWj5mXz6fgnwYMrgy-bLX3JMxWb_kpFUkfFAGL3C-ewRn_802ksM3NBzZ1xtxVU8PBeimG5oDyq1yRhHKXUeng1KO8Qvc33vZMI7wN2hWI9kayqup2-N0MEneDtU?fife=s16383"" height=""200"" width=""auto"" /><br>茨城県猿島郡境町若林２１５９<br>FB：https://www.facebook.com/p/مركز-و-حسينية-اهل-البيت-في-ايباراكي-اليابان-61573217585716/‎"
mosque,茨城25,270,Mushola merah putih bando,False,36.1180563,139.8527109,https://mymaps.usercontent.google.com/hostedimage/m/*/3AE5a_GwiR4qLC4xDWm3pop5Zex5LntqD9tjL9lC7Cdka3lyzRP-MBvai31xuwkuyVZqhECusYt9Fis-pB3ywrZhhA_aze4k_9Dswj1VkNUZkjN9S_ov65S3jW8NfIpRjW-kCwaYtM6_xe3yhbxBJTZVBzUKYQ2h5HXsQSSes8OmmFWGoFa30b8pOuK7bHyvS-fJvePLTX-sN3uxcRyv7s7dKVfVxRh9GIfQPd3OfvabxXJPevZlm_8IxYgAxfdo?fife=s16383,"<img src=""https://mymaps.usercontent.google.com/hostedimage/m/*/3AE5a_GwiR4qLC4xDWm3pop5Zex5LntqD9tjL9lC7Cdka3lyzRP-MBvai31xuwkuyVZqhECusYt9Fis-pB3ywrZhhA_aze4k_9Dswj1VkNUZkjN9S_ov65S3jW8NfIpRjW-kCwaYtM6_xe3yhbxBJTZVBzUKYQ2h5HXsQSSes8OmmFWGoFa30b8pOuK7bHyvS-fJvePLTX-sN3uxcRyv7s7dKVfVxRh9GIfQPd3OfvabxXJPevZlm_8IxYgAxfdo?fife=s16383"" height=""200"" width=""auto"" /><br>茨城県坂東市菅谷１１７１−８<br>インスタ：https://www.instagram.com/musholla.bando.ibaraki/<br>https://www.youtube.com/watch?v=_RQwD13b9oA"
mosque,茨城26,278,茨城県石岡市,False,36.196839,140.2974909,https://mymaps.usercontent.google.com/hostedimage/m/*/3AE5a_Gzedgpuex0e3-Xhv5FF9u_6vQYrsmhdjmL0Liqf1lhXdnp4gSlr04S0FG6DIvLNxUhkk1JTu_--i2OeVSrpn9w2XHh8vq6PzP_YJZSFppEjJJwDSekL8-Ec2i46eXqabJaG36nRozGPkn4MI70MhfQr3kCWil-Y5r0xK5zluRdtIwzqQl61qNZYWJ1qXM0B0LYxeLMC5L93OMJIIyhhTnSQ_8cBg891knG72qk-mTqbwWKziamPEoCGAL8?fife=s16383,"<img src=""https://mymaps.usercontent.google.com/hostedimage/m/*/3AE5a_Gzedgpuex0e3-Xhv5FF9u_6vQYrsmhdjmL0Liqf1lhXdnp4gSlr04S0FG6DIvLNxUhkk1JTu_--i2OeVSrpn9w2XHh8vq6PzP_YJZSFppEjJJwDSekL8-Ec2i46eXqabJaG36nRozGPkn4MI70MhfQr3kCWil-Y5r0xK5zluRdtIwzqQl61qNZYWJ1qXM0B0LYxeLMC5L93OMJIIyhhTnSQ_8cBg891knG72qk-mTqbwWKziamPEoCGAL8?fife=s16383"" height=""200"" width=""auto"" /><br>なぞ。<br>https://www.google.com/maps?cid=18303704963258614445"
mosque,栃木01,234,"SUFI ISLAMIC CENTER (Masjid Zain-ul-Abideen)NOGI, TOCHIGI.",False,36.2257657,139.7663372,,
mosque,栃木02,235,Oyama Mosque Tochigi,False,36.3467356,139.768575,,
mosque,栃木03,236,OHIRA NUR MASJID,False,36.3349501,139.6995734,,
mosque,栃木04,237,Utsunomiya Masjid(UICC),False,36.5494643,139.9164801,,
mosque,栃木05,238,Kaminokawa Mosque,False,36.4771157,139.9099298,,
mosque,栃木06,042,リヤードル・ジャンナ・マスジド,False,36.9537404,140.0764513,,
mosque,栃木07,043,Iqra Mosque (Kanuma Mosque),False,36.5402258,139.8116091,,
mosque,栃木08,044,Sano Masjid,False,36.3199345,139.5850704,,
mosque,栃木09,045,足利マスジド,False,36.3574833,139.4053808,,
mosque,栃木10,048,バーブ・ル・イスラーム・マスジド（小山マスジド）,False,36.304938,139.7883245,,
mosque,栃木11,273,Pak japan masjid,False,36.6228503,140.1508395,https://mymaps.usercontent.google.com/hostedimage/m/*/3AE5a_Gw78PDsilg6QRYYEReNUg_g5Bkq69rSWTzRUZfqg_zwrOHlDvZCTVGBfp81w-mxdzKQj9Bayv2d95VE-FfDnBgJmQ8q26hGxp0Mhs8gOPNAHGxi2rK8rA2xBnYu6yRNsMxULbQ61V4r66NrznJ6SLScMvPwC7IYGvp-DUpkeFciNOv1Fl8_yQGSFeQwJGlEa3gjVoGQNxwekBH-OLnlc11DvJgPuS-mXE6uuqLpfj8XCnHX4eAZm_13fF8?fife=s16383,"<img src=""https://mymaps.usercontent.google.com/hostedimage/m/*/3AE5a_Gw78PDsilg6QRYYEReNUg_g5Bkq69rSWTzRUZfqg_zwrOHlDvZCTVGBfp81w-mxdzKQj9Bayv2d95VE-FfDnBgJmQ8q26hGxp0Mhs8gOPNAHGxi2rK8rA2xBnYu6yRNsMxULbQ61V4r66NrznJ6SLScMvPwC7IYGvp-DUpkeFciNOv1Fl8_yQGSFeQwJGlEa3gjVoGQNxwekBH-OLnlc11DvJgPuS-mXE6uuqLpfj8XCnHX4eAZm_13fF8?fife=s16383"" height=""200"" width=""auto"" /><br>栃木県那須烏山市向田１５６０"
mosque,群馬01,251,"Minhaj-ul-Quran Islamic Center, Maebashi City, Gunma",False,36.4180384,139.2218157,,
mosque,群馬02,049,アルファラホ マスジド,False,36.4344601,138.988462,,
mosque,群馬03,050,"MALIK DINAR MASJID,OTA マリク ディナル マスジド",False,36.2519624,139.3285479,,
mosque,群馬04,051,桐生マスジド,False,36.4252931,139.3508993,,
mosque,群馬05,052,太田モスク,False,36.2953429,139.3765933,,
mosque,群馬06,053,館林クバマスジド Tatebayashi Quba Musjid,False,36.2421283,139.5337366,,
mosque,群馬07,054,マスジド サラマト,False,36.2525908,139.5190052,,
mosque,群馬08,055,Darussalam Kuragano,False,36.2931476,139.069783,,
mosque,群馬09,056,Yatajima Masjid,False,36.2684885,139.1949772,,
mosque,群馬10,046,ダルッサラーム マスジッド（境町モスク）,False,36.2758858,139.2551462,,
mosque,群馬11,047,伊勢崎モスク,False,36.3294812,139.195464,,
mosque,群馬12,276,BERESTA MASJID,False,36.333807,139.0089499,https://mymaps.usercontent.google.com/hostedimage/m/*/3AE5a_Gw-FAcT2Ngk1RweJ2jz0UVezkLXwB4RpFdcLZl0iehFTN4Bby6bSC8idoiPlMJ79GYyx59pEN6F3nNgpuC-J7ELfGW3wvnxj9Q9fVFEYvI9cZzBhV0WbeHr1EuKo8auR6_E22ZOThlDuiBXd-uqn6TGM4AcshLBTzoP35OUznjbAr5bEmafBCkwqF-KG8wlTD10vmLqNs8Sl37mR7aoBn6zES25VGR7nVxX4BmUOG_fIsqlm3b33Cux4MY?fife=s16383,"<img src=""https://mymaps.usercontent.google.com/hostedimage/m/*/3AE5a_Gw-FAcT2Ngk1RweJ2jz0UVezkLXwB4RpFdcLZl0iehFTN4Bby6bSC8idoiPlMJ79GYyx59pEN6F3nNgpuC-J7ELfGW3wvnxj9Q9fVFEYvI9cZzBhV0WbeHr1EuKo8auR6_E22ZOThlDuiBXd-uqn6TGM4AcshLBTzoP35OUznjbAr5bEmafBCkwqF-KG8wlTD10vmLqNs8Sl37mR7aoBn6zES25VGR7nVxX4BmUOG_fIsqlm3b33Cux4MY?fife=s16383"" height=""200"" width=""auto"" /><br>群馬県高崎市高砂町５８"
mosque,群馬13,277,Darul Uloom Gunma madrasa and masjid,False,36.2530645,139.5059606,https://mymaps.usercontent.google.com/hostedimage/m/*/3AE5a_GxrekhW4e26kRJYxHPvQdNjxPBscJj7Fs_H8aLFJVVxeFYzHdeLSJt61Uk6Q9_56N9Wr7FP0k4vDT-WZNyA7B9Z9hvBsWYeHrBIuQsw4h0wCd-43Y4kp9b5oT60ENauoBBYNsvWVbsBcR7rEFQlBm5sgczT552oZrH5ZKgfDo-Gv8ccmIG7MQ3X0K_7qyJSXFTVuPdLIq6wlbLhxarWWHCMBrPnOTGcqBKqnu8I3cEH74Pw5XZazHZ9uU8?fife=s16383,"<img src=""https://mymaps.usercontent.google.com/hostedimage/m/*/3AE5a_GxrekhW4e26kRJYxHPvQdNjxPBscJj7Fs_H8aLFJVVxeFYzHdeLSJt61Uk6Q9_56N9Wr7FP0k4vDT-WZNyA7B9Z9hvBsWYeHrBIuQsw4h0wCd-43Y4kp9b5oT60ENauoBBYNsvWVbsBcR7rEFQlBm5sgczT552oZrH5ZKgfDo-Gv8ccmIG7MQ3X0K_7qyJSXFTVuPdLIq6wlbLhxarWWHCMBrPnOTGcqBKqnu8I3cEH74Pw5XZazHZ9uU8?fife=s16383"" height=""200"" width=""auto"" /><br>群馬県館林市北成島町２７６３−７"
mosque,埼玉01,258,Mushola alhidayah ogawamachi,False,36.0548446,139.261187,,
mosque,埼玉02,257,Asaka Musalla,False,35.821391,139.5862724,,
mosque,埼玉03,256,三郷モスク（バーブルイルム）,False,35.8129699,139.8823087,,
mosque,埼玉04,255,Yashio Gujarati Masjid ( New_Musalla_Khana ) Mosuku,False,35.8178811,139.8352676,,
mosque,埼玉05,254,Ansaru Deen Masjid,False,35.9508356,139.6472265,,
mosque,埼玉06,253,Warabi Baitunnoor Musollah,False,35.8283789,139.6881798,,
mosque,埼玉07,252,バイトゥル アクサ マスジド,False,35.8170264,139.6989737,,
mosque,埼玉08,075,Masjid Hatoyama ( E Usmani Ghani,False,35.9717742,139.3394966,,
mosque,埼玉09,076,八潮マスジド,False,35.7977909,139.8283719,,
mosque,埼玉10,080,Sugito Masjid & Darul Uloom Japan,False,36.0513394,139.7902018,,
mosque,埼玉11,065,THE MOROYAMA TABLIG MASJID,False,35.9430549,139.3470791,,THE MOROYAMA TABLIG MASJID مسجد التبليغ مروياما‎‎
mosque,埼玉12,066,一ノ割マスジド,False,35.9608783,139.7669417,,
mosque,埼玉13,070,Masjid Hazrat Bilal (RA),False,36.1390477,139.5084733,,
mosque,埼玉14,068,Masjid - E - Ayesha Siddiqua,False,36.2065516,139.1230617,,
mosque,埼玉15,069,三郷マスジド,False,35.857544,139.8639986,,
mosque,埼玉16,070,Bilal Mosque Hanyu,False,36.1387879,139.5084894,,
mosque,埼玉17,071,MASJID AS-SUNNAH,False,35.9508988,139.340521,,
mosque,埼玉18,072,マスジド ファルウケ アアザム,False,35.9141136,139.4983341,,
mosque,埼玉19,073,Masjid Al Huda ( Tokorozawa Saitama ),False,35.7855074,139.4643656,,
mosque,埼玉20,057,Kurihashi Masjid,False,36.1184577,139.689941,,
mosque,埼玉21,058,Kisai Masjid Kazo Saitama,False,36.1026557,139.5766274,,
mosque,埼玉22,059,Masjid Saitama - Saitama Muslim Cultural Association (SMCA),False,35.8679623,139.6081748,,
mosque,埼玉23,060,Hanyu Mosque/Masjid,False,36.1847774,139.5267752,,
mosque,埼玉24,061,Toda Madina Mosque,False,35.8081543,139.6626474,,
mosque,埼玉25,062,Kumagaya Musollah,False,36.1255711,139.3770996,,
mosque,埼玉26,063,バイトル・アマン・マスジド・コンプレックス,False,35.8636103,139.7855591,,
mosque,埼玉27,064,Iwatuski masjid SAITAMA DAR UL ULOOM,False,35.9313925,139.7026393,,
mosque,埼玉28,262,KAWAGOE JAME MASJID RAMZAN,False,35.8600218,139.467854,,
mosque,埼玉29,274,バイトル マムル ムサラ,False,35.8142285,139.704946,https://mymaps.usercontent.google.com/hostedimage/m/*/3AE5a_GzvXZ_Am7FWrvw5g1p18BIbRtRYYM8T9WE2csJ4VzuzwFMBFh2JaHEE44p6zn9a5hCgsv3jk-AnCe36S_V6TV1hVvEZuQfOxYwDRRWLQ_wdzPyj9aDBsPoUl18mURTzVIqIxD15oM0_wW2bfj2VctNUxbN8FPZwwkTYZIURbOe0rCbNnbrEzfhQlIaAnpM_2gV_H7PJ9Y_ZZrijUEbhf8kPMuNCVzCfbM_97ttY863-Jt2aDiFCE_BltTE?fife=s16383,"<img src=""https://mymaps.usercontent.google.com/hostedimage/m/*/3AE5a_GzvXZ_Am7FWrvw5g1p18BIbRtRYYM8T9WE2csJ4VzuzwFMBFh2JaHEE44p6zn9a5hCgsv3jk-AnCe36S_V6TV1hVvEZuQfOxYwDRRWLQ_wdzPyj9aDBsPoUl18mURTzVIqIxD15oM0_wW2bfj2VctNUxbN8FPZwwkTYZIURbOe0rCbNnbrEzfhQlIaAnpM_2gV_H7PJ9Y_ZZrijUEbhf8kPMuNCVzCfbM_97ttY863-Jt2aDiFCE_BltTE?fife=s16383"" height=""200"" width=""auto"" /><br>埼玉県川口市西川口１丁目４−７<br>https://www.google.com/maps?cid=7928983005442302321"
mosque,千葉01,091,Noor Masjid,False,35.9984149,139.827999,,
mosque,千葉02,093,Kashiwa Masjid,False,35.8596724,139.9693071,,
mosque,千葉03,094,New Noor ul Huda masjid Juma 12:30,False,36.0164818,139.8440844,,
mosque,千葉04,096,Masjid Abu Bakr,False,36.0426585,139.8161705,,
mosque,千葉05,083,Bilal Masjid / Kisarazu Mosque,False,35.3873339,139.9404338,,
mosque,千葉06,084,FUJI AL-MADANI MASJID,False,35.7722463,140.0293945,,
mosque,千葉07,085,Yasin Kyokai Namiki Masjid Noda,False,36.0338083,139.8213488,,
mosque,千葉08,086,NPO法人 千葉イスラーム文化センター Masjid Nishi-Chiba CICC,False,35.6221561,140.1041893,,
mosque,千葉09,087,Aysha Masjid/Mosque,False,35.6048596,140.1992012,,
mosque,千葉10,088,Chiba Mosque / Masjid Juma Prayer 12:30,False,35.6651297,140.1344064,,
mosque,千葉11,089,ヒラ モスク 行徳,False,35.681515,139.9184797,,
mosque,千葉12,090,Shiroi Masjid,False,35.8154146,140.0592194,,
mosque,千葉13,074,MASJID AL-KARIMA ENOKIDO,False,35.6852827,140.2802421,,
mosque,千葉14,077,Toda masjid / Toda mosque,False,35.6405645,140.4007683,,
mosque,千葉15,078,一般社団法人成田イスラーム文化センター,False,35.729429,140.479182,,
mosque,千葉16,079,Hyuga Masjid (Marcus),False,35.6288601,140.3568329,,
mosque,千葉17,081,マスジドインドネシア旭 (Future),False,35.7045756,140.6537613,,
mosque,千葉18,082,四街道モスク(Masjid),False,35.6872005,140.1564756,,
mosque,千葉19,261,Masjid Al Quds Islamic Circle Of Japan,False,35.8016003,139.9178501,,Masjid Al Quds Islamic Circle Of Japan مسجد القدس اسلامک سرکل آف جاپان‎‎
mosque,千葉20,264,Mosque,False,35.7759449,139.9813301,,
mosque,東京01,250,赤羽モスク（Tokyo Central Masjid（proposede),False,35.7753904,139.7258993,,
mosque,東京02,225,Masjid Al Ikhlas Kabukicho,False,35.6949191,139.7037444,,
mosque,東京03,122,東京インドネシアモスク,False,35.6328695,139.7036106,,
mosque,東京04,124,錦糸町モスク,False,35.6951926,139.8157236,,
mosque,東京05,108,Machida Central Mosque,False,35.5627792,139.4211726,,
mosque,東京06,109,八王子マスジド,False,35.6647732,139.3234804,,
mosque,東京07,110,マスジド大塚,False,35.7291435,139.7282121,,
mosque,東京08,111,MACHIDA MASJID,False,35.5480604,139.455129,,
mosque,東京09,112,浅草モスク,False,35.721772,139.8015514,,
mosque,東京10,113,アッサラームファンデーション,False,35.7059919,139.777849,,
mosque,東京11,114,蒲田マスジド,False,35.5644404,139.7170964,,
mosque,東京12,115,Haijima Masjid,False,35.722876,139.3437,,
mosque,東京13,116,日本ムスリム協会,False,35.62644,139.7278137,,
mosque,東京14,117,マディーナマスジド東京,False,35.765203,139.7272675,,
mosque,東京15,098,東東京中央MSQ＆文化センター,False,35.7610141,139.8369497,,
mosque,東京16,099,マッキーマスジド東京,False,35.7437139,139.8427497,,
mosque,東京17,100,新小岩マスジド,False,35.712728,139.8593161,,
mosque,東京18,101,東京ジャーミイ･ディヤーナト トルコ文化センター,False,35.6681609,139.6765535,,
mosque,東京19,102,Darul Uloom Tokyo Madrasa & Masjid || Aoto Masjid (Aoto Masjid),False,35.7488551,139.8520417,,
mosque,東京20,103,Masjid Nusantara - Akihabara Tokyo,False,35.6962226,139.7735832,,
mosque,東京21,104,イスラミックセンタージャパン,False,35.6687614,139.6645956,https://www.google.com/maps?cid=18119827819999585829,東京都世田谷区大原１丁目１６−１１<br>https://www.google.com/maps?cid=18119827819999585829<br>https://islamcenter.or.jp/
mosque,東京22,105,渋谷Mushalla,False,35.6581418,139.6962265,,渋谷Mushalla مسجد‎‎
mosque,東京23,106,アラブイスラーム学院,False,35.6562041,139.7282285,,
mosque,東京24,107,東京西葛西モスク,False,35.6571119,139.8623927,,
mosque,東京25,095,Masjid Al Abrar Tokyo,False,35.7534309,139.8427985,,
mosque,東京26,259,Dar Al Taqwa Nihon Islamic Bunka Center (Musallah/Masjid),False,35.6905012,139.8389124,,
mosque,神奈01,131,カディジャモスク,False,35.3782306,139.3592941,,
mosque,神奈02,136,マスジド トゥバー,False,35.5482565,139.3286844,,
mosque,神奈03,138,ムハンマディ・マスジット,False,35.5242577,139.3907919,,
mosque,神奈04,139,田名モスク,False,35.5494078,139.347786,,
mosque,神奈05,118,Darut Tauhid Masjid,False,35.5275064,139.4948371,,
mosque,神奈06,119,YOKOHAMA MUSALAH,False,35.4659278,139.6088266,,
mosque,神奈07,120,ジャーメ・マスジド 横浜,False,35.5442244,139.6013119,,
mosque,神奈08,121,東海モスク,False,35.3685285,139.2726926,,
mosque,神奈09,123,海老名マスジド,False,35.4641468,139.3830387,,
mosque,神奈10,125,Idogaya Musollah,False,35.4318686,139.6028192,,
mosque,神奈11,126,DARUL MUSHAF AL ISLAMIYAH,False,35.5301443,139.2728746,,
mosque,神奈12,127,Quba Cultural Center,False,35.4287941,139.4094829,,
mosque,神奈13,128,Masjid As-Sholihin,False,35.5002816,139.4994667,https://masjidassholihinyokohama.org/,神奈川県横浜市旭区上川井町684-4<br>https://masjidassholihinyokohama.org/<br>2026年4月完成<br>https://maps.app.goo.gl/VRrvnxXKhXF1PQRk9
mosque,新潟01,130,Masjid al khan,False,37.16935,138.3130522,,
mosque,新潟02,132,★イスラミックセンター 新潟,True,37.9794646,139.2092306,,2026.3<br>googleマップ登録削除
mosque,新潟03,135,アンヌールモスク新潟,False,37.8727044,138.9550741,https://mymaps.usercontent.google.com/hostedimage/m/*/3AE5a_Gyf8xrSvBc_2R07Vf7ereEN9dvoMsSY_Y04U2D4A9eZIXJ1RaV354zMBVXngQdVI21uqHzddtRu5HlDVyHdk5KJhuPlO9QOaRiYnViy-QHbGxPxJyvpBtHwwIqBH4vJYkuqeGZ2MhmX17IqVHWCEY1unmKHGQ9743M7nh1DQo14RI0tGBpkM5Rmd3gdFJMqg7JeggXV18YUGjjMBXuddbpVCVcfzBhIMlaN3RDP4KuxQFiMmIARipMj5ds?fife=s16383,"<img src=""https://mymaps.usercontent.google.com/hostedimage/m/*/3AE5a_Gyf8xrSvBc_2R07Vf7ereEN9dvoMsSY_Y04U2D4A9eZIXJ1RaV354zMBVXngQdVI21uqHzddtRu5HlDVyHdk5KJhuPlO9QOaRiYnViy-QHbGxPxJyvpBtHwwIqBH4vJYkuqeGZ2MhmX17IqVHWCEY1unmKHGQ9743M7nh1DQo14RI0tGBpkM5Rmd3gdFJMqg7JeggXV18YUGjjMBXuddbpVCVcfzBhIMlaN3RDP4KuxQFiMmIARipMj5ds?fife=s16383"" height=""200"" width=""auto"" /><br>2026年4月削除、6月新たに登録されたためこちらで登録しなおし。<br>新潟県新潟市西区五十嵐１の町６７７６−４３"
mosque,新潟04,137,"★Masjid Nusantara Tsubame, Niigata",True,37.6643609,138.9283513,,2026.3<br>googleマップ登録削除
mosque,富山01,129,Toyama Muslim center TMC,False,36.7015617,137.1876047,,
mosque,富山02,134,富山モスク,False,36.7452154,137.1011574,,
mosque,富山03,281,魚津モスク UOZU MOSQUE,False,36.804355,137.450552,https://mymaps.usercontent.google.com/hostedimage/m/*/3AE5a_Gz4UndrYlvsHTnZmHN0IUqfvLmIecjMQow7HGcSVYbYRMnGwDXRBDjkIyqrHrFNd0MiSl4z6jObR5TULC6AZsPh9QGojQ3x3qtX6qu1qewQ5ebkXaiu5V5NiiIma5muh_XPjxHRl3HTw1HS6XN4mOOWxXaXXQpbNrglXmGBZz2z0ejkFyY8OMvlVbeXj1pH6GMomHaVeyRDMN6_wr-faoPPrn7dxJuohfOMFr8bgWdEImlsvRmNocFmgOk?fife=s16383,"<img src=""https://mymaps.usercontent.google.com/hostedimage/m/*/3AE5a_Gz4UndrYlvsHTnZmHN0IUqfvLmIecjMQow7HGcSVYbYRMnGwDXRBDjkIyqrHrFNd0MiSl4z6jObR5TULC6AZsPh9QGojQ3x3qtX6qu1qewQ5ebkXaiu5V5NiiIma5muh_XPjxHRl3HTw1HS6XN4mOOWxXaXXQpbNrglXmGBZz2z0ejkFyY8OMvlVbeXj1pH6GMomHaVeyRDMN6_wr-faoPPrn7dxJuohfOMFr8bgWdEImlsvRmNocFmgOk?fife=s16383"" height=""200"" width=""auto"" /><br>富山県魚津市石垣５６１<br>ドバイオートリサイクル？？？"
mosque,石川01,133,ウマル ビン アルカッタービ モスク（富山モスク金沢支部）,False,36.5549286,136.6955859,,
mosque,福井01,143,福井モスク,False,36.0769594,136.2101061,,
mosque,山梨01,142,富士河口湖マスジド,False,35.5077183,138.7615801,,
mosque,山梨02,147,Kofu mosque,False,35.6565019,138.5665705,,
mosque,長野01,140,Bilal Masjid Nagano,False,36.4292408,138.1927153,,
mosque,長野02,145,MASJID INDONESIA UEDA,False,36.3744664,138.281732,,
mosque,長野03,149,Masjid Jamia Al Iman,False,36.1477484,137.9360487,,
mosque,長野04,249,MASJID E QUBA,False,36.6459387,138.2917491,,
mosque,長野05,248,Sasana shamo tomi,False,36.3662626,138.3712207,,
mosque,長野06,275,MASJID Aysha,False,36.363085,138.3185409,,長野県東御市本海野１５９２
mosque,岐阜01,151,Future Minakamo Islamic Center,False,35.4351796,137.0035229,https://dnr5150.net/blog-299/,https://dnr5150.net/blog-299/<br>岐阜県美濃加茂市深田町3-8-325<br>2025年12月建設予定記事
mosque,岐阜02,141,岐阜イスラミックコンプレックス,False,35.458551,136.741624,,
mosque,岐阜03,144,Ogaki Masjid,False,35.3218265,136.6220292,,
mosque,岐阜04,146,トキモスク,False,35.3527417,137.188412,,
mosque,岐阜05,148,岐阜 ファティフ モスク,False,35.3929219,136.8389074,,
mosque,岐阜06,150,NAKATSUGAWA MOSQUE (MASJIDH),False,35.576312,137.5300103,,
mosque,岐阜07,268,マスジド木田,False,35.4396215,136.7165457,https://mymaps.usercontent.google.com/hostedimage/m/*/3AE5a_Gyl19uqJpoF3YylLDn8LmpWKQvZ74yxgP9O4KlA6r7kferbu0fAapJVfxuPWkAtE0W0iPmL2S2z_hSlEXy74NVChuRCgwuHoOH770pjjGRLVbztU5un_mGo_nOJsfp1LYomvLDL4Uu4fxvqWRbERCnF_Hh-AsKEjil8ad6S-exELYzDgDRoG3XmHgMCwE5uL97qLuqq5w0VLcXQ6j3hCLvY1GHG42XLoSn9adk8UTaMYDryMzjSlaVrsWQ?fife=s16383,"<img src=""https://mymaps.usercontent.google.com/hostedimage/m/*/3AE5a_Gyl19uqJpoF3YylLDn8LmpWKQvZ74yxgP9O4KlA6r7kferbu0fAapJVfxuPWkAtE0W0iPmL2S2z_hSlEXy74NVChuRCgwuHoOH770pjjGRLVbztU5un_mGo_nOJsfp1LYomvLDL4Uu4fxvqWRbERCnF_Hh-AsKEjil8ad6S-exELYzDgDRoG3XmHgMCwE5uL97qLuqq5w0VLcXQ6j3hCLvY1GHG42XLoSn9adk8UTaMYDryMzjSlaVrsWQ?fife=s16383"" height=""200"" width=""auto"" /><br>https://www.google.com/maps?cid=13852185231323034991<br>岐阜県岐阜市尻毛２丁目84−１"
mosque,静岡01,156,静岡マスジド,False,34.9240804,138.3702838,,
mosque,静岡02,157,Baitul Huda Masjid Hamamatsu,False,34.6719872,137.7487231,,
mosque,静岡03,158,モハモディモスク浜松,False,34.680031,137.744095,,
mosque,静岡04,161,モスク・マスジド・ラスール（富士マスジド）,False,35.1384515,138.7428675,,
mosque,愛知01,172,名古屋モスク,False,35.1774263,136.8711236,,
mosque,愛知02,173,Keluarga Muslim Indonesia Nagoya Prayer Room,False,35.1578667,136.9127356,,
mosque,愛知03,175,AICA Masjid モスク🕌,False,35.1625051,136.9384546,,
mosque,愛知04,178,Higashi Nagoya Islamic Center (HIC),False,35.1532766,136.9577626,,
mosque,愛知05,181,マスジドインドネシア名古屋,False,35.1928755,136.8985217,,
mosque,愛知06,162,ハサナスマスジド トヨタモスク,False,35.0477169,137.0955264,,
mosque,愛知07,163,ICMG津島アヤソフィヤジャーミィ（津島ジャーミ）,False,35.1863248,136.7709841,,
mosque,愛知08,165,マスジドアッスンナー碧南,False,34.8930492,136.9856112,,
mosque,愛知09,166,名古屋港モスク,False,35.0966975,136.8529099,,
mosque,愛知10,167,Mavi Mescit・青マスジド・Blue Masjid・モスク・「 Shirayuri Islamic Centre・白百合協会 」,False,35.2518202,136.8441033,,
mosque,愛知11,168,Masjid Al-Hidayah Toyohashi,False,34.7410194,137.3591815,,
mosque,愛知12,169,ダル・ウッサラーム 豊橋マスジド,False,34.698676,137.4152337,,
mosque,愛知13,170,Masjid Darussalam Nishio 西尾ダールッサラームマスジド,False,34.8707292,137.0251376,,
mosque,愛知14,171,Toyota city Islamic Center,False,35.0890817,137.1600021,,
mosque,愛知15,152,Masjid Ichinomiya,False,35.2863656,136.8468357,,
mosque,愛知16,153,Al Mustafa Masjid 飛島モスク Jamia masjid khatme nabuwat Tobishima mosque,False,35.0782155,136.8114752,,
mosque,愛知17,154,小牧モスク,False,35.3024145,136.9223772,,
mosque,愛知18,155,瀬戸マスジド,False,35.1969305,137.104081,,
mosque,愛知19,159,春日井イスラミックセンター,False,35.300518,137.0198864,,
mosque,愛知20,160,イスラム教会 新安城 (Masjid Shin Anjo),False,34.9854042,137.0852379,,
mosque,愛知21,267,アハマディア協会,False,35.186185,136.77297,,愛知県津島市蛭間町宮重５２６
mosque,三重01,176,三重マスジド,False,34.7455384,136.5285349,,
mosque,三重02,180,Suzuka Masjid,False,34.9313827,136.5263308,,
mosque,三重03,266,Masjid UMMI(仮),False,34.8758979,136.5439192,,建設寄付募集中
mosque,滋賀01,179,Shiga Masjid,False,35.0063471,135.9573957,,
mosque,滋賀02,182,MASJID AN-NUR NOTOGAWA アンヌル能登川モスク,False,35.1740848,136.1564519,,
mosque,京都01,184,Al-Huda Mosque,False,34.933393,135.7877565,,
mosque,京都02,186,Ayabe Masjid Zohra Mosque,False,35.319117,135.242928,,
mosque,京都03,187,京都イスラーム文化センター（Kyoto Islamic Cultural Center） / 京都グランドモスク（Kyoto Grand Mosque）/京都ムスリム協会（Kyoto Muslim Association））,False,35.0217946,135.7696753,,
mosque,京都04,188,イスラミックリサーチセンタージャパン,False,34.8632531,135.7070518,,
mosque,京都05,177,Kyoto Central Masjid,False,35.0350126,135.7811676,,
mosque,大阪01,183,大阪茨木モスク,False,34.8332725,135.5325269,,
mosque,大阪02,185,ジャパンダワセンター＆アルダワマスジド,False,34.5934008,135.502701,,
mosque,大阪03,189,大阪マスジド,False,34.7083329,135.444932,,
mosque,大阪04,190,Izumi Masjid,False,34.4172878,135.4786421,,
mosque,大阪05,191,Masjid Istiqlal Osaka,False,34.6512841,135.4955536,,
mosque,大阪06,192,大阪グランドマスジド 宗教法人大阪イスラミックセンター,False,34.7043128,135.4306783,,
mosque,兵庫01,193,神戸ムスリムモスク,False,34.6961945,135.1879017,,
mosque,兵庫02,195,Miki Masjid,False,34.8094364,134.9956977,,
mosque,兵庫03,200,兵庫マスジド,False,34.703029,135.2006057,,
mosque,兵庫04,271,Himeji Central Masjid,False,34.8309988,134.6920685,https://mymaps.usercontent.google.com/hostedimage/m/*/3AE5a_Gz4CI2oI6uwxNX60xXEOJmKDNUvYz9DWzL5HLRtn22eaYRzOUUud0oY0n2Pt9dI-QfZI-4_ITZrAUGZVvtEw853iIYKeKfR5jzOeDjwi73bPtgwGL-g-lJR_UKvKWdJmzppb_DK7KsrZaRd-fT9K_048YYdKPLuUR-SVEpkjGCcFE7waZ82MPG_Qd5ZbsblfiPV7CoSPkKzcxj23eaF8JB5no8o8hLHMFmFv9FhUL-ah2DxYWOznfm6wNY?fife=s16383,"<img src=""https://mymaps.usercontent.google.com/hostedimage/m/*/3AE5a_Gz4CI2oI6uwxNX60xXEOJmKDNUvYz9DWzL5HLRtn22eaYRzOUUud0oY0n2Pt9dI-QfZI-4_ITZrAUGZVvtEw853iIYKeKfR5jzOeDjwi73bPtgwGL-g-lJR_UKvKWdJmzppb_DK7KsrZaRd-fT9K_048YYdKPLuUR-SVEpkjGCcFE7waZ82MPG_Qd5ZbsblfiPV7CoSPkKzcxj23eaF8JB5no8o8hLHMFmFv9FhUL-ah2DxYWOznfm6wNY?fife=s16383"" height=""200"" width=""auto"" /><br>兵庫県姫路市呉服町 3-4階兵, ４１<br>https://www.google.com/maps?cid=13764131424853613885"
mosque,奈良01,196,奈良マスジドNara Masjid Jan Academy,False,34.668298,135.8226727,,
mosque,和歌01,199,Masjid Al Da’wah & Japan Da’wah Centre Wakayama,False,34.2356218,135.1767453,https://mymaps.usercontent.google.com/hostedimage/m/*/3AE5a_Gx-JgQsGgOxLYmDN5xiEAPeOGOJ68Jx8fewFa_O9-9aN1zNg_9lfulvhaVlVa59_aZqcnjh14tr8LDMBocQ3rDUGNFHXZShTIpNCivaa1bfx4Hx-gLbMu_x58zGOJPrnsmoEnIKP7p-GYcwdvNAlHXQJdqEzi7NHBKzbjWMCj6S61AFNdpbQIkggIf3aDsnSORIuboyhkdKXcx5zQ7ioWNCuBEvKNrxJ0x6ieFqFvxJpmC1VOipKsQav0A?fife=s16383,"<img src=""https://mymaps.usercontent.google.com/hostedimage/m/*/3AE5a_Gx-JgQsGgOxLYmDN5xiEAPeOGOJ68Jx8fewFa_O9-9aN1zNg_9lfulvhaVlVa59_aZqcnjh14tr8LDMBocQ3rDUGNFHXZShTIpNCivaa1bfx4Hx-gLbMu_x58zGOJPrnsmoEnIKP7p-GYcwdvNAlHXQJdqEzi7NHBKzbjWMCj6S61AFNdpbQIkggIf3aDsnSORIuboyhkdKXcx5zQ7ioWNCuBEvKNrxJ0x6ieFqFvxJpmC1VOipKsQav0A?fife=s16383"" height=""200"" width=""auto"" /><br>2026年6月改装。ミナレット等建造中"
mosque,和歌02,279,Masjid Baiturrahman & Halal Resto,False,34.2595322,135.3092999,https://mymaps.usercontent.google.com/hostedimage/m/*/3AE5a_GwaSCzqA6MImPL-pEz17RRHwlyK0SBTdd28D6wrMUlvUUBGZjl_c-tN_q-KOSWhd2Px36GLgIr23PwGkI367e9HMdQkOnb_NXk2hwkK77ds8WeE5oz5845ld_psMQhVhxGK8DjTMDHqgr_uqvav2D1Pk7LbC4mk4wMrnrZLzOg_2pHxTAf05jGx9Bo7DGyN8OBXYZoL2ZEvte5RK26yLYVw16hGjbWtgpp-xB4cq470rXmD4Rf7f8SdtxI?fife=s16383,"<img src=""https://mymaps.usercontent.google.com/hostedimage/m/*/3AE5a_GwaSCzqA6MImPL-pEz17RRHwlyK0SBTdd28D6wrMUlvUUBGZjl_c-tN_q-KOSWhd2Px36GLgIr23PwGkI367e9HMdQkOnb_NXk2hwkK77ds8WeE5oz5845ld_psMQhVhxGK8DjTMDHqgr_uqvav2D1Pk7LbC4mk4wMrnrZLzOg_2pHxTAf05jGx9Bo7DGyN8OBXYZoL2ZEvte5RK26yLYVw16hGjbWtgpp-xB4cq470rXmD4Rf7f8SdtxI?fife=s16383"" height=""200"" width=""auto"" />"
mosque,和歌03,280,大阪イスラミックセンター 橋本（霊園）,False,34.2911395,135.6399894,https://mymaps.usercontent.google.com/hostedimage/m/*/3AE5a_Gx7zsi7imtwOdcAvdR7UEPm_zVl5hi-RKM6ZvO5mkOlrg_HIXA2KKeJSbpu4KS9V3eUe5YSiUTp4h9en-WaJiOs8v9EuFXmw7Z1pw0J8jUlasohCvQCtlqPGhXvD9hS6hfATl8CsR2l37w3P1J2IiDvTaDr_ZApT4ONDpAcc-jlAb0CuQYTnQBhmUtjzj6mVxw1ePZjeYmLMOJa8dKmT9Emnlu1Bsx0D_GMqt40nc7IWRqJxPwB0gpOUDs?fife=s16383,"<img src=""https://mymaps.usercontent.google.com/hostedimage/m/*/3AE5a_Gx7zsi7imtwOdcAvdR7UEPm_zVl5hi-RKM6ZvO5mkOlrg_HIXA2KKeJSbpu4KS9V3eUe5YSiUTp4h9en-WaJiOs8v9EuFXmw7Z1pw0J8jUlasohCvQCtlqPGhXvD9hS6hfATl8CsR2l37w3P1J2IiDvTaDr_ZApT4ONDpAcc-jlAb0CuQYTnQBhmUtjzj6mVxw1ePZjeYmLMOJa8dKmT9Emnlu1Bsx0D_GMqt40nc7IWRqJxPwB0gpOUDs?fife=s16383"" height=""200"" width=""auto"" /><br>霊園"
mosque,鳥取01,197,Tottori Mosque,False,35.5196697,134.1686108,,
mosque,島根01,194,島根モスク・イスラーム文化センター,False,35.4843669,133.0678406,,
mosque,島根02,201,"Izumo Mosque (Izumo Muslim Welfare Association) ইযুমো মসজিদ (Izumo, Shimane, Japan)",False,35.3468931,132.7589453,,
mosque,岡山01,246,ｲｽﾗﾑｾﾝﾀｰ,False,34.6491686,133.8520306,,
mosque,岡山02,203,Maniwa Islamic Centre,False,35.0685827,133.8055488,,
mosque,岡山03,205,岡山ｲｽﾗﾑｾﾝﾀｰ 岡山マスジド,False,34.6881253,133.9271619,https://www.google.com/maps?cid=5439402208168652661,岡山県岡山市北区津島東２丁目１−７<br>https://www.google.com/maps?cid=5439402208168652661<br>HP：https://www.okayamamasjid.org/<br>FB：FB：https://www.facebook.com/okayama.masjid/
mosque,岡山04,209,MASJID INDONESIA KURASHIKI,False,34.5432927,133.7427465,,
mosque,岡山05,198,岡山ｾﾝﾄﾗﾙﾓｽｸ,False,34.6572521,133.9259799,,
mosque,広島01,206,Masjid Kasumi Hiroshima,False,34.3789397,132.4813087,,
mosque,広島02,208,Mihara Mosque,False,34.3503529,133.0673923,,
mosque,広島03,210,広島イスラーム文化センター,False,34.3911756,132.738345,,
mosque,徳島01,207,徳島マスジド,False,34.0817787,134.5124336,,
mosque,徳島02,265,masjid indnesia Tokushima(仮),False,34.0580957,134.3133195,https://www.instagram.com/masjidindonesiatokushima/,日用品店隣<br>map登録なし(3/27)<br>https://www.instagram.com/masjidindonesiatokushima/<br>日本法人：一般社団法人 Masjid Indonesia Tokushima<br>モスク建設寄付募集中<br>支援団体<br>Human Initiative Japan<br>Mito Jepang
mosque,香川01,202,Mushola Al-Falah (ムショラアルファラー),False,34.3374085,134.0475161,,
mosque,香川02,204,Masjid Kagawa,False,34.3153182,133.8763697,,
mosque,愛媛01,215,Matsuyama Masjid (MICC),False,33.8365598,132.7822292,,
mosque,愛媛02,221,新居浜マスジド,False,33.9595589,133.2778654,,
mosque,高知01,218,Masjid Al-Fatih Prefektur Kochi,False,33.5576585,133.540313,,
mosque,福岡01,211,カルチャーセンター,False,33.8899978,130.7569742,,
mosque,福岡02,214,福岡マスジド アンヌールイスラム文化センター,False,33.6199858,130.4271005,,
mosque,福岡03,216,Ito Masjid,False,33.5812239,130.1833118,,2026年6月
mosque,福岡04,272,Mushola tsuruta🕌,False,33.3972891,130.6272738,https://mymaps.usercontent.google.com/hostedimage/m/*/3AE5a_Gy8JY8VAHxdEKb4KMnZmdfS6M2mz5zGeaI-_QvdGuke0vQ9QZA9QrN9CuJwp6WqB_eLrS3kOJE6GAYE5CU1ZPBMIRziqIODtuHwlUuek4KlboNdLfTs66Lc2Qb65x-NawfMg7rQW_7nm3vUxlyAKc1yIIzlHyG2SNTmUZeSlsppuuOerlIAfXGE-9BGTwTUIXVRr85DzE6303Esgb9fY-27Wa8g7uftqzy0Ub7tMPu7Vz4ndkra8If9jSA?fife=s16383,"<img src=""https://mymaps.usercontent.google.com/hostedimage/m/*/3AE5a_Gy8JY8VAHxdEKb4KMnZmdfS6M2mz5zGeaI-_QvdGuke0vQ9QZA9QrN9CuJwp6WqB_eLrS3kOJE6GAYE5CU1ZPBMIRziqIODtuHwlUuek4KlboNdLfTs66Lc2Qb65x-NawfMg7rQW_7nm3vUxlyAKc1yIIzlHyG2SNTmUZeSlsppuuOerlIAfXGE-9BGTwTUIXVRr85DzE6303Esgb9fY-27Wa8g7uftqzy0Ub7tMPu7Vz4ndkra8If9jSA?fife=s16383"" height=""200"" width=""auto"" /><br>福岡県朝倉市下浦２０８６<br>多分、寮？内の簡易礼拝所。<br>googleマップに登録があったので掲載。<br>様子見"
mosque,佐賀01,220,佐賀マスジド,False,33.2387568,130.2999565,,
mosque,長崎01,212,長崎中央モスク,False,32.7685658,129.8629823,,
mosque,熊本01,219,熊本イスラミックセンター(KIC),False,32.8144972,130.7311818,,
mosque,大分01,226,別府モスク,False,33.2916173,131.5030348,,
mosque,大分02,217,中津モスク [Nakatsu Masjid],False,33.564205,131.2432968,,
mosque,宮崎01,223,宮崎モスク,False,31.8300879,131.4229893,,
mosque,宮崎02,233,都城モスク,False,31.8419838,131.0902852,,
mosque,鹿児01,224,鹿児島モスク,False,31.5590424,130.5495762,,
mosque,鹿児02,230,Kirishima Masjid,False,31.722849,130.8049099,,
mosque,沖縄01,245,Nishihara Masjid,False,26.2433806,127.7610301,,
mosque,沖縄02,244,Ishikawa Masjid,False,26.4328211,127.8273809,,
mosque,沖縄03,229,"Okinawa Masjid, Okinawa Islamic Culture Center (OICC)",False,26.2445395,127.7634164,,
prayer_room,,,Odaiba Prayer room (お台場モスク),False,35.6293234,139.7763901,,
prayer_room,,,Friday prayer room (Muslim community at the International University of Japan),False,37.1472575,138.9496762,,
prayer_room,,,HARAPAN（礼拝所を併設したインドネシア・カフェ HALAL）,False,35.2022661,139.6259764,,
prayer_room,,,KEDAI NENEK,False,35.5029975,138.6615849,,
prayer_room,,,祈祷室,False,35.6542936,140.0311723,,
prayer_room,,,礼拝室,False,35.7735065,140.3875478,,
prayer_room,,,東京国際空港 祈祷室,False,35.5455836,139.7678372,,
prayer_room,,,東京ビッグサイト祈祷室,False,35.6299795,139.7949623,,
prayer_room,,,松屋銀座屋上 礼拝室,False,35.6722187,139.7667554,,
prayer_room,,,JR東日本 東京駅 祈祷室,False,35.6820816,139.7662036,,
prayer_room,,,川内モスク,False,38.2600561,140.8493658,,
prayer_room,,,祈祷室,False,35.710486,139.761095,,
prayer_room,,,東京大学イスラーミック文化社会(TUICS) 祈祷室,False,35.7147631,139.7608704,,
prayer_room,,,祈祷室,False,34.7012806,135.496093,,
prayer_room,,,礼拝所,False,34.6554126,135.429998,,
prayer_room,,,祈祷室,False,34.663159,135.5014276,,
prayer_room,,,祈祷室,False,34.7012806,135.496093,,
prayer_room,,,祈祷室,False,34.7030406,135.4917562,,
prayer_room,,,Prayer Room in Daimaru South Bldg. 7th floor,False,34.6725356,135.501209,,
prayer_room,,,Prayer Room,False,34.702685,135.4988674,,
prayer_room,,,Prayer room (ムスリム礼拝室),False,43.0657095,141.3634815,,
prayer_room,,,Prayer room Chitose Airport,False,42.7869554,141.6765701,,
prayer_room,,,ムスリム向け礼拝室,False,34.4345376,135.2433981,,
prayer_room,,,礼拝スペース 東京ミッドタウン,False,35.6659105,139.7299648,,
prayer_room,,,Takeshiba Prayer Room,False,35.6552143,139.7606699,,
prayer_room,,,順天堂医院 礼拝室,False,35.7020709,139.762362,,
prayer_room,,,礼拝室（Prayer Room）横浜ワールドポーターズ,False,35.4541133,139.6380548,,
prayer_room,,,祈祷室,False,35.6542936,140.0311723,,
prayer_room,,,Kamogawa Sea World Prayer Room,False,35.116325,140.1210169,,
prayer_room,,,Prayer room,False,35.4374766,139.9340791,,
prayer_room,,,KEBABUP Tokorozawa (イスラムお祈り室),False,35.8081774,139.4582847,,
prayer_room,,,Muslim Prayer Space,False,35.6695485,139.8122211,,
prayer_room,,,Prayer Room in Hostel DEN,False,35.6910818,139.776677,,
prayer_room,,,Prayer Room (inside donburi chaya),False,43.1956489,141.0042134,,
prayer_room,,,Aomori Airport Prayer Room,False,40.7380379,140.6883686,,
prayer_room,,,Warung Mahal（ワルーンマハール）,False,38.8992941,141.5807535,,
planned,,,FURO & SAUNA THE VANISH,False,33.6398575,130.519232,,
planned,,,Serba Aci JP店,False,34.0580192,134.3134075,,
planned,,,朝倉モスク masjid,False,33.359878,130.828412,,福岡県朝倉市杷木林田1398-3<br>建設予定地
planned,,,モスク（FUJISAWA MASJID）,False,35.4002098,139.4100177,,
planned,,,Kashima Mosque,False,35.9277144,140.6338223,,
planned,,,MASJID AL-MUTTAQIN CHIBA,False,35.7967709,139.9687442,https://mymaps.usercontent.google.com/hostedimage/m/*/3AE5a_Gwmcev0GhmLYXYE-GdPin9p9_V4Z_pbWJRD4EZ7dszUjNa-JfeSjQTLSRs2GV-cpbPQjlbmI1ARTDgrINCeoCIZEx-cvJxd2XlPZYE3WQt4RyD1TRIFZ8cuScTQIhFkCAIRYFTEs2cjKknmvj9He7pdetXlUl26-P7ZBg4ykpa-PKAmZ0hgx8rEa8jgOGORepwiF5iR9OLyxheUkJD88Y7pjpbDXWmkLjnmm9k_CKQJUxzkvo2YrjAU6CI?fife=s16383,"<img src=""https://mymaps.usercontent.google.com/hostedimage/m/*/3AE5a_Gwmcev0GhmLYXYE-GdPin9p9_V4Z_pbWJRD4EZ7dszUjNa-JfeSjQTLSRs2GV-cpbPQjlbmI1ARTDgrINCeoCIZEx-cvJxd2XlPZYE3WQt4RyD1TRIFZ8cuScTQIhFkCAIRYFTEs2cjKknmvj9He7pdetXlUl26-P7ZBg4ykpa-PKAmZ0hgx8rEa8jgOGORepwiF5iR9OLyxheUkJD88Y7pjpbDXWmkLjnmm9k_CKQJUxzkvo2YrjAU6CI?fife=s16383"" height=""200"" width=""auto"" /><br>2026年5月土地取得済み？<br>千葉県松戸市五香２丁目１−１ ＲＭビル"
planned,,,Mesjid Koganei,False,35.7013732,139.5030322,https://mymaps.usercontent.google.com/hostedimage/m/*/3AE5a_Gz05vidQNaJWM883Odljpurckzup-0c7EDHliC76wAxVerKP9v5VKOBu9CxPOyKwdYwawzPbsWXPU3zly6l4VTPaWNZPtTbQAxffn6L6iiYCIcjJG2QBWf8uBjSfj5UYZlLfzs1RuDqu_Zz7yoM4RtRaMJMXRKDGGsJTVkEZbvEkzB0KO6SUp9UgNHnjWjOjNqD74y5zojCoMu6126YUUQs5ZABnCEJFx2O-cS9SECdV0l1MeOThCXIVPg?fife=s16383,"<img src=""https://mymaps.usercontent.google.com/hostedimage/m/*/3AE5a_Gz05vidQNaJWM883Odljpurckzup-0c7EDHliC76wAxVerKP9v5VKOBu9CxPOyKwdYwawzPbsWXPU3zly6l4VTPaWNZPtTbQAxffn6L6iiYCIcjJG2QBWf8uBjSfj5UYZlLfzs1RuDqu_Zz7yoM4RtRaMJMXRKDGGsJTVkEZbvEkzB0KO6SUp9UgNHnjWjOjNqD74y5zojCoMu6126YUUQs5ZABnCEJFx2O-cS9SECdV0l1MeOThCXIVPg?fife=s16383"" height=""200"" width=""auto"" /><br>東京都小金井市本町５丁目８−３"
